Title,Author,Genre,PublishedYear,ISBN
52 Tuesdays,Blakelee,Children|Drama,2007,737-589-7608
Stitches,Shannen,Comedy|Horror,2012,525-924-6149
"New Kind of Love, A",Myca,Comedy,2009,384-748-4618
Auto Focus,Jude,Crime|Drama,2000,138-866-8193
"Saint in London, The",Avis,Action|Comedy|Crime|Drama|Mystery,2008,331-275-6292
Facing Ali,Shaine,Documentary,2003,725-262-0130
Dance Me Outside,Kirby,Comedy|Drama,1996,905-944-7274
Desert Winds,Jarrad,Drama|Fantasy|Romance,2002,577-693-5039
Teen Beach Movie,Norbert,Children|Musical,1996,623-847-3264
"Legend of Sleepy Hollow, The",Caresa,Comedy|Fantasy|Horror,2001,520-746-7086
"Resurrection, A",Thadeus,Horror|Thriller,2006,979-780-6897
Lorna's Silence (Le silence de Lorna),Amabelle,Drama,1999,141-540-9071
Mad Dog Time,Drugi,Crime,2010,905-517-4878
Tonight You're Mine,Georgette,Comedy|Drama,1986,717-328-0160
Jennifer 8,Clemmy,Mystery|Thriller,2003,856-527-5105
"Time for Drunken Horses, A (Zamani barayé masti asbha)",Orelee,Drama,1988,497-442-6334
White: The Melody of the Curse,Elden,Horror,2003,377-809-5786
Dillinger Is Dead (Dillinger è morto),Jeri,Crime|Drama,2012,488-962-2434
The White Sister,Spencer,Drama|Romance,1978,268-906-3785
Preaching to the Perverted,Tobye,Comedy|Drama,1984,804-682-5123
Monday Night Mayhem,Chaim,Drama,2003,531-776-4417
Diary of a Cannibal,Margareta,Crime|Horror,1997,410-373-1698
I'm So Excited (Los amantes pasajeros),Deborah,Comedy,1998,668-349-6752
Lucky Break,Gerri,Comedy|Crime,2000,575-358-5506
MacGyver: Trail to Doomsday,Morley,Action|Adventure,2011,100-800-5586
Go,Timoteo,Comedy|Crime,1999,380-455-4975
Due Date,Winnie,Comedy,1999,885-449-4532
Sex Tape,Elysia,Comedy,1989,965-907-6107
Into the White (Cross of Honour),Gabriel,Action|Drama|War,2003,465-300-8881
Dating the Enemy,Natal,Comedy|Romance,2008,438-139-2320
"Warrior and the Sorceress, The",Bastien,Action|Adventure|Fantasy|Sci-Fi,2006,760-237-1241
The Big Flame,Griswold,Drama,1998,188-358-2440
Gunbuster (Top wo Narae),Dimitry,Action|Animation|Drama|Sci-Fi,1988,118-487-3290
Victor Sjöström: Ett porträtt,Estrellita,Documentary,2010,544-220-3338
El tren de la memoria,Tillie,Documentary,2001,812-721-6752
For the Love of Movies,Windy,Documentary,1985,546-702-2844
Winnebago Man,Lexie,Comedy|Documentary,2003,138-672-6352
"Boys from Brazil, The",Nial,Action|Mystery|Thriller,1996,657-942-2016
Herman's House,Tally,Crime|Documentary,2007,690-503-7894
Defiance,Maribel,Action|Crime|Drama,2005,614-574-5709
Kaksparsh,Jordan,Drama,2012,736-234-3294
Bent,Amil,Drama|War,1997,520-897-6285
Gold Diggers of 1935,Mimi,Comedy|Musical,1995,802-715-9518
Dry Summer (Susuz yaz) (Reflections),Quinn,Drama,1998,400-822-8868
Colin Quinn: Long Story Short,Sunshine,Comedy,1995,864-357-6487
Festival Express,Lon,Documentary|Musical,2004,749-733-8096
In Two Minds,Olly,(no genres listed),2010,820-282-0243
Biker Boyz,Antoine,Action|Crime|Drama,1990,908-317-3597
Gods and Monsters,Ingra,Drama,1994,524-838-1641
Maskerade,Willy,Comedy|Romance,2003,883-138-1365
Orwell Rolls in His Grave,Agna,Documentary,1992,879-570-1338
Evil Remains (Trespassing),Octavius,Horror|Thriller,2006,170-682-0902
Carolina Moon,Darn,Drama|Mystery|Romance,2010,825-492-2994
Malice N Wonderland,Kalle,Drama|Musical,1996,942-172-1748
Slap Shot 2: Breaking the Ice,Rivalee,Comedy,1994,832-410-3409
My Left Foot,Stella,Drama,1999,667-379-5637
Gigantic (A Tale of Two Johns),Ram,Documentary,2002,627-714-5717
Slumming,Leonie,Comedy|Drama,2009,400-521-1606
Happy End,Janine,Drama,2009,590-483-2355
Addicted,Hanny,Drama,2007,452-962-8099
Must Have Been Love,Alaine,Drama|Romance,2009,778-218-5647
Suicide Club,Krysta,Adventure|Comedy|Drama,1998,235-475-1105
Steamboat Round the Bend,Thoma,Comedy|Drama,1990,393-863-2308
Blackrock,Nikola,Drama|Thriller,1988,297-949-9530
Being Human,Ogden,Drama,2011,969-604-3457
"Very Long Engagement, A (Un long dimanche de fiançailles)",Gussy,Drama|Mystery|Romance|War,1993,390-278-8360
In the Time of the Butterflies,Joya,Crime|Drama,1998,238-637-0319
"Strange Little Cat, The (Das merkwürdige Kätzchen)",Morganne,Comedy|Drama,2003,866-388-3910
Tae Guk Gi: The Brotherhood of War (Taegukgi hwinalrimyeo),Violante,Action|Drama|War,1988,755-118-2594
"Indian in the Cupboard, The",Monro,Adventure|Children|Fantasy,2000,480-942-0689
"Life of Another, The (La vie d'une autre)",Leeann,Comedy|Drama|Mystery,2011,174-506-3925
Tough Enough (Knallhart),Tracie,Crime|Drama,2006,951-574-9285
"Cardinal, The",Renaud,Drama,2005,520-576-0733
"Prophet, the Gold and the Transylvanians, The (Profetul, aurul si Ardelenii)",Loreen,Comedy|Western,1996,308-875-3526
Are You Scared?,Pauletta,Horror,1987,111-932-2688
Rebecca of Sunnybrook Farm,Micaela,Children|Comedy|Drama|Musical,1995,282-488-0520
"Big Hangover, The",Brenda,Comedy,1986,212-801-9377
"Magic Flute, The (Trollflöjten)",Belle,Comedy|Fantasy|Musical|Romance,1996,299-711-2840
Texas Across the River,Killie,Comedy|Western,2004,202-105-6991
"Kidnapping of the President, The",Hanson,Action|Drama|Thriller,1992,642-185-8419
Essex Boys,Alica,Crime|Thriller,2010,111-174-0148
"Uninvited, The",Sorcha,Drama|Horror|Mystery|Thriller,2001,127-116-3212
"Crimson Permanent Assurance, The",Leda,Adventure|Comedy,1995,734-174-0891
"The Tree, the Mayor and the Mediatheque",Franky,Comedy,1998,274-389-9760
Beyond a Reasonable Doubt,Othilie,Crime|Drama|Film-Noir,2004,552-517-1301
"Veteran, The",Van,Action|Thriller,1995,324-322-3963
Hoot,Aveline,Children|Comedy,2012,374-198-6312
Power 98,Melba,Action|Mystery|Thriller,1997,661-113-8253
"Against One Another, Virtually Friends",Lotti,Comedy,1984,132-453-5965
Contact,Karim,Drama|Sci-Fi,2009,844-147-8884
U.S. Seals,Bobby,Action|Thriller,1995,192-388-8900
Amazonia,Pansie,Adventure|Documentary,1993,814-593-4742
Mermaids,Sinclair,Comedy|Drama|Romance,1967,773-810-6168
"Hunchback of Notre Dame, The",Aida,Drama,1980,621-534-6251
Dune,Hermann,Adventure|Sci-Fi,1991,565-105-5540
Born to Be Wild,Hendrika,Documentary|IMAX,2007,508-763-0475
Nine Ways to Approach Helsinki (Yhdeksän tapaa lähestyä Helsinkiä),Jemimah,Documentary,2011,525-590-0895
Semi-Pro,Cart,Comedy,1993,939-768-1252
Education for Death,Dore,Animation|Comedy,2010,599-446-7560
"Everlasting Piece, An",Rea,Comedy,2003,577-996-7958
Rise of the Planet of the Apes,Kory,Action|Drama|Sci-Fi|Thriller,2011,490-400-7139
Myn Bala: Warriors of the Steppe,Rea,Action|Adventure|Drama,1996,471-822-3885
"Reckoning, The",Ellissa,Crime|Mystery|Thriller,1989,401-369-8189
The Magnificent Gladiator,Adrian,Action|Adventure|Drama,2009,245-523-2161
Sick Girl,Carlin,Crime|Horror|Thriller,2009,371-246-3709
Escape from Dartmoor,Davon,Crime|Drama,2003,824-166-1346
My New Gun,Orelle,Comedy,1988,437-903-6152
Jauja,Dukey,Drama|Western,1998,348-122-2513
Blaise Pascal,Henri,Drama,2008,712-568-0062
Hype!,Thorvald,Documentary,2002,689-712-6061
Take Me Out to the Ball Game,Odilia,Comedy|Musical|Romance,2002,907-596-2730
Kolmistaan,Jennie,Drama|Romance,2005,105-601-3204
G-Force,Hyacinthe,Action|Adventure|Children|Fantasy,1996,342-698-1944
Fame High,Orson,Documentary,1997,219-211-3014
How Do You Write a Joe Schermann Song,Alli,Comedy|Drama|Musical,2001,810-958-9030
"Maybe, Maybe Not (Bewegte Mann, Der)",Jaquelyn,Comedy,2012,900-833-0106
Three Days of the Condor (3 Days of the Condor),Gerri,Drama|Mystery|Romance|Thriller,1994,490-567-6451
She Creature (Mermaid Chronicles Part 1: She Creature),Eamon,Fantasy|Horror|Thriller,2011,219-856-9120
American Heist,Audie,Action,2007,372-869-4946
"Corruptor, The",Jami,Action|Crime|Drama|Thriller,1997,534-592-3932
Memphis Belle,Arabella,Action|Drama|War,1989,206-673-1117
"Mourning Forest, The (Mogari no mori)",Bertrand,Drama,1997,504-194-3475
"Duchess of Langeais, The (a.k.a. Don't Touch the Axe) (Ne touchez pas la hache)",Lyon,Drama|Romance,1997,709-480-3446
40 Guns to Apache Pass,Berny,Adventure|Romance|Western,2010,298-985-2946
Don't Drink the Water,Weylin,Comedy,2001,958-631-5991
Light Is Calling,Sawyer,(no genres listed),2011,816-289-9782
Agora,Eddy,Adventure|Drama|Romance,2010,652-680-3394
"Odd Couple, The",Stavros,Comedy,1986,393-445-4254
Bounty Killer,Rosaleen,Action|Sci-Fi|Thriller,2011,204-440-7011
Nobody Knows (Dare mo shiranai),Addi,Drama,1998,735-392-2800
Being John Malkovich,Muhammad,Comedy|Drama|Fantasy,2007,725-886-0918
Shutter,Ethelred,Fantasy|Horror|Mystery|Thriller,2004,548-712-8972
Carry on Screaming!,Ambrosius,Comedy|Horror,2010,150-934-1472
"Bullfighters, The",Addia,Comedy|Musical,2000,848-794-4989
Swimming with Sharks,Riannon,Comedy|Drama,2004,706-741-3737
De Dana Dan,Gradeigh,Comedy,2004,530-592-5529
Quatermass and the Pit,Clark,Horror|Sci-Fi,2010,473-849-9414
My Fake  Fiance,Jacynth,Comedy|Romance,2006,388-508-8313
Less Than Zero,Ode,Drama,2000,582-972-8940
Ladybug Ladybug ,Lucias,Drama,2002,166-810-9177
Into the Mind,Charles,Documentary,2009,491-276-6449
"Grandmaster, The (Yi dai zong shi)",Lynnelle,Action|Drama|IMAX,1989,995-795-9948
Bedrooms & Hallways,Marmaduke,Comedy|Romance,1998,891-983-3896
Thawing Out (La fonte des neiges) ,Mozes,Comedy|Drama,1996,715-433-6876
"Feuer, Eis & Dosenbier",Pepita,Comedy,2010,355-943-3455
Kermit's Swamp Years,Nike,Children|Comedy|Fantasy,2013,884-159-3876
White Frog,Jennie,Drama,2006,935-192-9976
Spy(ies) (Espion(s)),Celesta,Drama|Romance|Thriller,2010,430-575-4906
"Silent House, The (La casa muda)",Shelden,Horror|Thriller,1991,383-284-7413
Black Cadillac,Helyn,Horror|Thriller,1987,248-908-9201
Night and Day (Bam gua nat),Tully,Drama,2004,803-444-9700
Hereafter,Gayle,Drama|Fantasy,1996,261-343-0548
Siddhartha,Florrie,Drama,2005,582-163-0232
"Answer Man, The (a.k.a. Arlen Faber)",Collette,Comedy|Romance,1999,626-161-7494
Angels Fall,Brittney,Drama|Romance|Thriller,2007,817-791-5794
The Emperor's Candlesticks,Pen,Drama|Romance,1986,310-800-5297
All the Mornings of the World (Tous les matins du monde),Charmian,Drama|Romance,2003,758-213-4674
Charlie Bartlett,Gwen,Comedy|Drama,1995,219-312-7785
Touchy Feely,Mersey,Drama,2012,495-688-2393
Hot Shots! Part Deux,Andreana,Action|Comedy|War,2008,186-807-1865
Gabriela,Yard,Comedy|Drama|Romance,2007,993-133-1467
Hana and Alice (Hana to Arisu),Tyson,Comedy|Drama,1987,405-925-1845
"Reflecting Skin, The",Alberto,Drama|Horror|Thriller,2012,626-155-1606
G Men,Verge,Crime|Drama,1993,393-940-1475
Link,Georgi,Horror|Thriller,1998,212-478-5118
Speedway Junky,Tasia,Drama,2006,993-923-9963
"Naked Man, The",Domenic,Drama,2008,578-176-8095
Deliver Us from Evil,Amii,Crime|Horror|Thriller,1992,232-356-9058
Twister,Lorne,Comedy,2008,227-368-6928
Better Than Sex,Kelvin,Comedy|Romance,2011,379-897-7908
Nativity 2: Danger in the Manger!,Elvyn,Children|Comedy,1999,711-656-1741
Resurrecting the Champ,Mateo,Drama,1992,704-248-2120
April Captains (Capitães de Abril),Glenn,Drama,1996,295-393-1015
Big Easy Express,Mikel,Documentary|Musical,2010,359-307-4669
Wildcats,Burch,Comedy,2004,215-830-6703
Love Life,Tiffany,Comedy|Romance,2007,584-915-3345
Fear No Evil,Candice,Horror,2012,414-548-4976
Johns,Karon,Drama,1996,120-547-5982
Deliverance,Gunter,Adventure|Drama|Thriller,1996,349-430-4361
Stepfather II,Olivero,Horror|Thriller,1992,639-844-8299
Vertical Features Remake,Debera,Documentary,1995,385-696-1819
"Night, The (Notte, La)",Rayner,Drama,1996,226-545-4058
Something New,Mabelle,Comedy|Drama|Romance,2005,305-469-6204
"Spirit of St. Louis, The",Lesya,Adventure|Drama,2003,729-817-3274
Sparkle,Zorana,Drama|Musical,2003,599-793-7022
Footprints on the Moon (Le orme) (Primal Impulse),Mercy,Mystery|Thriller,1987,261-510-3330
Captain Ron,Estel,Adventure|Comedy,2006,355-787-3282
Before Flying Back to Earth (Pries parskrendant i zeme),Dreddy,Documentary,1993,594-912-3944
Route Irish,Frank,Drama|Thriller,2012,600-434-9131
Mega Piranha,Beatrix,Action|Adventure|Horror|Sci-Fi,1999,514-349-5901
Millennium Mambo (Qian xi man po),Woody,Drama|Romance,2003,694-535-5491
One-Eyed Monster,Timi,Comedy|Horror|Sci-Fi,1999,636-998-9013
Hi Diddle Diddle,Brock,Comedy,2005,494-917-1366
Music From Another Room,Rhona,Drama|Romance,1999,110-867-8831
Cast a Giant Shadow,Orlando,Adventure|War,2008,704-411-2767
Hero,Roldan,Comedy|Drama,2008,771-691-5420
"Education of Little Tree, The",Levin,Drama,1992,343-258-2547
S.O.S. Coast Guard,Celina,Action|Adventure|Sci-Fi|Thriller,1992,912-334-1302
One Step Ahead of My Shadow,Issie,(no genres listed),1991,390-325-6015
"Key, The",Francene,Drama,2011,952-901-9764
Real Steel,Norina,Action|Drama|Sci-Fi|IMAX,2007,454-328-6006
Horse Feathers,Hulda,Comedy,1993,530-900-0682
Vice Squad,Bradley,Action|Thriller,2003,607-300-4009
S.W.A.T.,Brock,Action|Thriller,1986,380-899-1224
Oxy-Morons,Gill,Crime|Drama,1990,402-582-3416
Yuki & Nina,Boonie,Drama,2000,809-872-0898
Mrs. Parkington,Erma,Drama|Romance,2013,690-515-2940
"Third Man, The",Grove,Film-Noir|Mystery|Thriller,1997,506-626-3603
Deathtrap,Von,Comedy|Crime|Mystery|Thriller,1991,132-735-0941
Drummer-Crab (Le Crabe-Tambour),Kassia,Adventure|Drama|War,2007,308-566-3062
Listy do M.,Roma,Comedy|Romance,2001,101-132-9856
"Man Who Copied, The (Homem Que Copiava, O)",Delphine,Comedy|Crime|Drama|Romance,2002,145-576-6023
Massacre at Central High,Zonnya,Drama|Horror|Thriller,2011,786-227-2351
Charlie Chan at the Wax Museum,Haily,Comedy|Crime|Mystery|Thriller,2001,626-713-1843
"Niagara, Niagara",Giorgio,Drama,2009,558-342-6017
"Addiction, The",Marilin,Drama|Horror,2012,881-338-4783
Valhalla,Hashim,Adventure|Animation|Children|Fantasy,2002,171-938-5510
Subject Two,Rozamond,Drama|Thriller,1994,623-335-8905
Babylon 5: A Call to Arms,Sigismondo,Adventure|Sci-Fi,2008,795-718-8250
"Year My Parents Went on Vacation, The (O Ano em Que Meus Pais Saíram de Férias)",Joanie,Drama,2010,384-242-5536
He Who Dares,Ax,Action,1996,608-980-2120
"Yellow Handkerchief, The",Lorette,Drama|Romance,2007,154-552-3813
"Rock, Paper, Scissors: The Way of the Tosser",Myra,Comedy,1984,873-266-6001
Dhoom,Danya,Action|Crime|Musical|Romance,2000,572-222-2494
Goodbye First Love,Thatch,Drama|Romance,2007,490-540-8018
Sinbad: The Fifth Voyage,Anton,Action|Adventure|Fantasy,2008,778-584-4025
Campus Radio,Raimundo,Comedy|Drama,1991,408-537-1696
Videocracy (Videocracy - Basta apparire),Dianna,Documentary,1996,781-836-5207
Too Many Cooks,Gerda,Comedy,1970,766-119-5022
588 Rue Paradis (Mother),Filbert,Drama,2006,324-578-0770
Tootsie,Inigo,Comedy|Romance,2001,872-944-5881
"Crying Game, The",Leora,Drama|Romance|Thriller,1999,303-698-0447
Wend Kuuni (a.k.a. God's Gift),Rhett,Drama,2005,129-886-6792
"Lift, De",Adara,Horror|Thriller,2005,904-568-8598
"Last Casino, The",Lyman,Comedy|Drama,2000,943-954-8880
Podwórka,Nils,Documentary,2001,120-774-2353
Root of All Evil?,Norby,Documentary,2010,552-602-0669
Miami Connection,Turner,Action|Crime,2007,687-144-1187
Hellraiser,Martie,Horror,1985,632-988-9127
"Dragon Missile, The (Fei long zhan)",Berti,Action,1966,844-346-4378
Rob Roy,Earl,Action|Drama|Romance|War,2009,399-222-6598
Survival of the Dead,Marcus,Horror,1992,518-390-7790
First Kid,Tybi,Children|Comedy,2010,625-526-2232
"Angel Named Billy, An",Lion,Drama,1995,849-773-0612
Celtic Pride,Clo,Comedy,2009,548-481-7539
Angels of the Universe (Englar alheimsins),Neila,Drama,2004,434-285-6358
Loggerheads,Kirk,Drama,2001,159-985-2507
Carry on Screaming!,Monika,Comedy|Horror,2010,576-496-1770
The Amazing Screw-On Head,Jilly,Action|Adventure|Animation|Comedy|Sci-Fi,1970,450-708-6528
"Door in the Floor, The",Alexandre,Drama,2011,608-238-3335
King's Ransom,Kevon,Comedy|Crime,1988,892-314-7990
Dementia 13,Harris,Horror|Thriller,2009,460-867-4614
Ghost Town,Alano,Comedy|Fantasy|Romance,1999,793-646-6856
Great Balls of Fire!,Pascale,Drama,1983,349-786-3664
Captain Phillips,Christabella,Adventure|Drama|Thriller|IMAX,1995,964-744-9207
Prom Night in Mississippi,Karine,Documentary,2006,242-261-7033
Meilleur espoir féminin,Barris,(no genres listed),1995,198-123-9460
Mr. Wu,Peterus,Drama,2009,230-784-1629
La Putain du roi,Whitney,Drama|Romance,2007,678-613-3062
Goodbye Lover,Goober,Comedy|Crime|Thriller,1998,835-306-0941
Allotment Wives,Harald,Crime|Drama|Film-Noir,2007,388-282-6922
Lucky,Leanor,Documentary,2011,566-964-5187
"Girl, The",Somerset,Drama,1996,336-654-8293
Yeh Jawaani Hai Deewani,Cinda,Comedy|Drama|Musical|Romance,2002,896-821-2925
Another Year,Stanly,Drama,1997,995-788-9292
"Swindle, The (Bidone, Il)",Aurel,Drama,1991,824-785-4243
M. Butterfly,Selle,Drama|Romance,2004,651-935-0879
Pride & Prejudice,Delcine,Drama|Romance,1984,901-668-4595
La Putain du roi,Tommie,Drama|Romance,2002,215-458-5718
Kids World,Ozzy,Adventure|Children|Comedy,1996,351-366-1277
Beer for My Horses,Daffy,Action|Comedy,2010,251-593-3637
Infection (Kansen),Thurstan,Drama|Horror,1989,519-519-7918
"Juror, The",Mervin,Drama|Thriller,2007,649-983-2726
"Alamo, The",Stacee,Drama|War|Western,1990,541-518-1620
Streets of Fire,Gal,Action|Romance,1993,738-669-9290
Speed Racer,Margery,Action|Children|Sci-Fi|IMAX,2004,591-534-9666
One False Move,Forrest,Crime|Drama|Film-Noir|Thriller,2001,433-908-4230
The Gamers: Hands of Fate,Andree,Comedy|Fantasy|Romance,2002,166-977-8714
Shaun of the Dead,Prudy,Comedy|Horror,2009,229-446-5236
W.R.: Mysteries of the Organism,Tina,Comedy|Documentary,1996,412-565-0849
S.W.A.T.: Firefight,Rabi,Action|Crime|Thriller,1988,843-768-6801
Fire with Fire,Jannelle,Action|Crime|Drama,1988,191-387-9931
Pain & Gain,Julianna,Action|Comedy|Crime,1995,727-446-9143
Rich in Love,Joellyn,Drama,2004,989-502-7931
Deep Water,Everett,Documentary,2001,762-853-9499
Mike Birbiglia: What I Should Have Said Was Nothing,Allayne,Comedy,2009,486-245-7921
Four Sons,Ansel,Drama|War,2011,231-370-5427
Vengeance is Mine (Fukushu suruwa wareniari),Jolynn,Crime|Drama,2011,535-311-5263
"Princess of Montpensier, The (La princesse de Montpensier)",Amber,Action|Drama|Romance,2006,655-398-7576
Elena Undone,Blaine,Drama|Romance,1992,558-217-2000
Fans,Giles,Comedy,2004,142-752-1998
Reach the Rock,Gillian,Comedy|Drama,2004,202-668-2325
"Dead Pool, The",Berty,Action|Crime|Thriller,2007,903-540-4892
Double Play: James Benning and Richard Linklater,Sisile,Documentary,2007,394-860-0387
Glory to the Filmmaker! (Kantoku · Banzai!),Emmalee,Comedy|Drama,1993,989-321-2595
High Crimes,Odille,Thriller,1963,865-916-4120
"Last Rites of Joe May, The",Rodie,Drama,2011,796-707-3046
First Strike,Thatcher,Documentary,1998,220-937-1923
"Church, The (Chiesa, La)",Lenard,Drama|Fantasy|Horror,2007,419-566-7736
Miracle at St. Anna,Yard,Drama|Mystery|War,2001,874-758-9681
24 Exposures,Betsey,Crime|Drama|Thriller,2006,940-140-6664
"Downfall (Untergang, Der)",Cynthea,Drama|War,2008,202-683-1735
99 Homes,Merrill,Drama,1998,545-513-0478
Informant,Roseline,Documentary,1994,971-600-4952
At First Sight,Jeri,Drama,1986,418-279-0612
Peter Ibbetson,Andreas,Drama|Fantasy|Romance,1992,830-113-9243
Secret Society,Gilbertine,Comedy,1984,558-839-1480
"Aviator's Wife, The (La femme de l'aviateur)",Fayette,Drama,2008,530-946-0577
Teen Spirit,Kaja,Comedy|Drama|Fantasy,1994,186-969-1682
Partners,Latashia,Comedy,2001,138-481-2731
My Own Man,Jemimah,(no genres listed),1965,298-572-0607
"Car 54, Where Are You?",Sigfried,Comedy,1990,624-219-1555
Island of Lost Souls,Salomone,Adventure|Horror|Romance|Sci-Fi,2012,701-111-0993
Ghost Ship,Wilton,Horror,1992,266-666-1064
"Tale from the Past, A (Përralle Nga e Kaluara)",Willy,Comedy,1998,786-218-9468
Made in America,Phebe,Comedy,1989,227-278-5586
Gloria,Sheila,Comedy|Drama,1995,646-724-7191
"Bad News Bears in Breaking Training, The",Christin,Comedy,2011,112-875-5162
Brief Interviews with Hideous Men,Bernardo,Comedy|Drama,1987,402-740-9204
Mothlight,Reese,Documentary,2000,159-459-1069
Ellen DeGeneres: The Beginning,Lorain,Comedy,2005,811-411-4545
Running Out of Time (Am zin),Vaughan,Action|Crime|Drama|Thriller,1992,342-992-4738
It's in the Water,Nell,Comedy,2006,110-456-2673
Living on One Dollar,Alia,Adventure|Documentary|Drama,2009,995-177-5947
Hostile Witness,Haily,Drama,1999,299-353-6246
Bad Men of Missouri,Ragnar,Action|Romance|Western,1964,598-548-9361
Character (Karakter),Fran,Drama,1993,274-970-6665
"Bridge, The (Brücke, Die)",Darcee,Drama|War,2009,730-243-8767
Winter War (Talvisota),Ingrid,Drama|War,1999,529-281-7846
Descendant of the Sun (Ri jie),Shaina,Action|Adventure|Fantasy|Sci-Fi,1988,909-943-1855
Cube,Hildagarde,Horror|Mystery|Sci-Fi|Thriller,2004,819-584-4056
Prime Suspect 3,Eula,Crime|Drama|Mystery,1999,449-800-7003
Police Academy 6: City Under Siege,Danila,Comedy|Crime,1979,393-283-2894
P.S. Your Cat is Dead,Rafaello,Comedy,2012,268-335-9099
"Hunter, The",Anatol,Thriller,1999,126-890-0714
Then She Found Me,Prinz,Comedy|Drama|Romance,2001,122-869-5973
G.I. Joe: Retaliation,Konstantine,Action|Adventure|Sci-Fi|Thriller|IMAX,2008,219-914-3596
Raise Your Voice,Chance,Romance,1994,218-630-3899
"Hunters, The (Jägarna)",Jenna,Crime|Thriller,1981,728-667-1562
Mafioso,Harmon,Comedy|Crime|Drama,1994,722-304-5795
"Bonaerense, El",Erasmus,Action|Drama,2000,706-464-4480
Heaven Can Wait,Serge,Comedy|Fantasy|Romance,1990,295-559-8889
On the Other Side of the Tracks (De l'autre côté du périph),Thomasin,Action|Comedy|Crime,2001,430-942-6625
The Losers,Dinnie,Comedy|Drama,1987,435-609-8948
Addicted to Love,Concettina,Comedy|Romance,1990,477-126-0156
Tied,Claiborne,Drama,1963,952-609-4145
Mifune's Last Song (Mifunes sidste sang),Aundrea,Comedy|Drama|Romance,1991,880-726-4044
Girls on the Road (a.k.a. Hot Summer Week),Cordula,Comedy|Drama|Thriller,2006,143-142-1657
Planet Terror,Skelly,Action|Horror|Sci-Fi,2004,785-764-2495
Lucky Lady,Darbee,Comedy|Drama,2005,440-714-9715
Romantics Anonymous (Les émotifs anonymes),Margarita,Comedy|Romance,1997,574-628-6958
Jin Roh: The Wolf Brigade (Jin-Rô),Arel,Animation|Fantasy|Thriller,2006,646-582-5286
Tortilla Flat,Bari,Comedy|Drama|Romance,2006,549-988-2571
Lady on a Train,Baily,Comedy|Crime|Film-Noir|Mystery|Romance|Thriller,2003,624-709-9150
"Pride of the Yankees, The",Vida,Drama,2001,348-615-5648
"Pain in the Ass, A (L'emmerdeur)",Valdemar,Comedy,1993,103-955-0564
Duma,Vin,Adventure|Drama,2012,874-860-7174
At Play in the Fields of the Lord,Cilka,Drama,1992,546-649-7609
"Citizen, The",Katee,Drama,2001,294-537-7414
Open Season,Kenn,Adventure|Animation|Children|Comedy|IMAX,1989,420-533-9495
Susannah of the Mounties,Zacharia,Drama,2006,181-442-4149
"Visit, The",Joellyn,Drama,2001,998-376-1693
Charlie Chan in Panama,Margareta,Adventure|Comedy|Crime|Drama|Mystery|Thriller,1997,478-226-7993
How I Killed My Father (a.k.a. My Father and I) (Comment j'ai tué mon Père),Christian,Drama,2007,210-933-8013
Lilith,Belia,Drama,1990,825-432-1823
Easy Money,Arda,Comedy,2007,443-233-6938
Kummeli Goldrush (Kummeli kultakuume),Pavla,Comedy,1996,338-416-2950
"Designated Mourner, The",Larissa,Drama,2006,728-351-3199
You Light Up My Life,Dyan,Drama|Romance,1997,148-482-0692
State of Play,Dieter,Crime|Drama|Thriller,1995,344-828-2078
Monster,Mic,Crime|Drama,2005,727-428-3161
"Cross of Lorraine, The",Irvine,Drama|War,1993,186-496-1845
Zazie dans le métro,Gerry,Comedy,2006,219-123-8315
Charleston,Blondelle,Comedy,1997,973-227-9748
Carmina and Amen (Carmina y amén),Helge,Comedy|Drama,2012,290-485-6319
"Honey, We Shrunk Ourselves",Ingrid,Action|Adventure|Children|Comedy|Sci-Fi,2007,553-517-7911
Enthusiasm (Entuziazm: Simfoniya Donbassa),Merridie,Documentary,1993,403-373-8784
"Anniversary, The",Kathryne,Comedy|Drama|Horror|Thriller,1992,767-654-7755
"Cure for Love, A (Lekarstwo na milosc)",Christina,Comedy|Crime|Romance,1995,736-577-1094
My Joy (Schastye moe),Suzanna,Drama,1999,279-310-4933
Magic Camp,Carita,Children|Documentary,2005,248-255-1267
Small Faces,Lisetta,Drama,2003,146-460-5447
"Grace Lee Project, The",Archer,Documentary,2000,572-542-5710
Gregory's Girl,Maurise,Comedy|Romance,2010,203-247-6871
Death Wish 3,Sollie,Action|Drama,2000,955-252-9499
Brigadoon,Calla,Fantasy|Musical|Romance,2009,732-105-4468
Gable: The King Remembered,Pete,Documentary,1998,509-636-0034
Casshern,Ruthe,Action|Drama|Fantasy|Sci-Fi,2001,746-524-9602
Stage Beauty,Trumann,Drama,1999,156-789-6438
Girls Will Be Girls,Babita,Comedy,2004,677-319-3152
Pearl Jam: Immagine in Cornice - Live in Italy 2006,Maryjane,Documentary|Musical,2006,750-270-3808
Funny Games,Waverly,Drama|Horror|Thriller,1993,793-767-7518
Murder by Proxy: How America Went Postal,Sibelle,Documentary,2003,694-688-7790
"Bûche, La",Corinne,Comedy|Drama,2010,306-154-8514
"Simpsons: The Longest Daycare, The",Claudelle,Animation|Comedy,2003,494-791-0655
Blind,Blinnie,Drama,2013,356-423-7839
Double Dare,Marigold,Documentary,1986,939-776-8654
"Birds, The",Tallulah,Horror|Thriller,2003,592-245-4837
"Brother, Can You Spare a Dime?",Missy,Documentary,2012,595-150-6266
Crazy Thunder Road,Giacomo,Action|Sci-Fi,2008,173-309-0160
Hatchet III,Ashil,Comedy|Horror,2012,506-661-9108
"Grave, The",Zonnya,Comedy|Horror|Thriller,2000,332-677-1425
Dating Games People Play,Livia,Comedy,2005,413-749-5516
Thomas Pynchon: A Journey into the Mind of P.,Betsey,Documentary,1996,195-676-6994
Castles in the Sky,Sky,Drama,2012,923-436-5494
8 Days to Premiere (8 päivää ensi-iltaan),Valerie,Comedy|Fantasy|Romance,2000,699-578-3858
Don't Drink the Water,Simona,Comedy,2012,468-498-6583
"Koruto wa ore no pasupooto (Colt Is My Passport, A)",Nana,Action|Crime|Drama,1998,601-620-8982
"Wanderers, The",Merissa,Drama,1985,427-955-6669
Guardian Angel,Norry,Action|Drama|Thriller,2000,253-822-6250
I Shot a Man in Vegas,Tori,Comedy,2003,408-941-8288
Quo Vadis,Benedetto,Drama|Romance,2010,143-570-6765
Series 7: The Contenders,Dane,Action|Drama,2003,596-971-3515
"Magic Flute, The (Trollflöjten)",Frederic,Comedy|Fantasy|Musical|Romance,1997,697-810-1976
Swing Time,Jean,Comedy|Musical|Romance,2012,479-955-8403
Witless Protection,Leonid,Comedy,2003,497-321-0193
In Enemy Hands,Kerry,War,1992,949-650-4764
Welcome to the Dollhouse,Shermy,Comedy|Drama,2005,437-631-2718
Drums Along the Mohawk,Ripley,Adventure|War|Western,1999,508-868-5092
"Seventh Sign, The",Ofella,Drama|Fantasy|Thriller,2012,616-952-7131
Torso,Bidget,Horror|Mystery|Thriller,2012,532-672-7729
Steel,Giulietta,Action|Adventure|Crime|Drama,2012,332-775-7196
Johnny Guitar,Lura,Drama|Western,2010,446-579-6952
Gone Nutty,Yasmin,Animation|Comedy,2006,156-374-5633
Two Family House,Berenice,Drama,1995,956-470-7986
"Return to Salem's Lot, A",Lorrie,Horror,1990,336-137-9795
Bethlehem,Federica,Drama|Thriller|War,2003,167-574-8761
"Erotic Man, The",Pennie,Drama,1997,147-890-5080
"Monitor, The (Babycall)",Barby,Horror|Thriller,1993,565-145-8152
U.S. Marshals,Isaac,Action|Crime|Thriller,1985,149-589-9468
Daylight (Daglicht),Lynette,Action|Thriller,2011,333-525-6912
"Assassination Bureau, The",Giraud,Action|Adventure|Comedy|Crime|Sci-Fi,2010,941-946-3551
Who the #$&% is Jackson Pollock?,El,Documentary,2009,756-683-8462
Four Sons,Susanetta,Drama|War,2007,975-762-5508
Madeinusa,Mollie,Drama,2005,631-398-4279
Payback,Alidia,Action|Thriller,1990,568-901-7325
Side Effects,Raphaela,Crime|Drama|Mystery|Thriller,2009,430-863-2386
Spacehunter: Adventures in the Forbidden Zone,Amil,Sci-Fi,2010,197-272-9806
"New York Ripper, The (Squartatore di New York, Lo)",Hendrik,Crime|Horror|Mystery|Thriller,1997,770-399-0772
A Cry in the Wild,Lanny,Action|Adventure|Thriller,2009,900-183-5852
"Synecdoche, New York",Fawnia,Comedy|Drama,2002,912-679-4352
Blackout (Contraband),Dalia,Adventure|Romance,2011,260-128-5344
Chapiteau-show (Shapito-shou),Hewie,Adventure|Comedy,2005,253-137-4666
Far from Home,Jeannie,Thriller,1989,541-442-2079
Garfield Gets Real,Dania,Animation|Children|Comedy,2004,510-171-9313
Psycho,Margarette,Crime|Horror|Thriller,2012,527-707-3362
"Devil's Backbone, The (Espinazo del diablo, El)",Darice,Drama|Fantasy|Horror|Thriller|War,2013,175-916-0587
My Friend Flicka,Rakel,Children|Western,2002,805-538-2312
"Chess Players, The (Shatranj Ke Khilari)",Garvin,Comedy|Drama,1996,636-702-1247
"Pepi, Luci, Bom (Pepi, Luci, Bom y Otras Chicas del Montón)",Ernesta,Comedy,1996,375-992-5552
Beethoven's Treasure Tail,Alyosha,Action|Adventure|Children,1996,526-701-2076
That Certain Woman,Nico,Drama|Romance,2007,353-819-7302
Mrs. Pollifax-Spy,Ulysses,Adventure|Comedy,2008,881-347-2034
The Island,Stanfield,Drama|Mystery,1991,216-928-7264
Pépé le Moko,Felipa,Crime|Drama|Romance,2012,579-909-1218
Metallica: Through the Never,Lurette,Action|Musical|IMAX,2000,434-627-7690
Predator,Anestassia,Action|Sci-Fi|Thriller,2010,718-118-3810
Napoleon and Samantha,Anders,Adventure|Drama,2001,685-259-3265
TiMER,Corbet,Comedy|Drama|Fantasy|Romance,2006,118-364-0469
Taipei Exchanges (Di 36 ge gu shi),Itch,Comedy|Drama,2010,993-859-3545
The Boys,Corabel,Crime|Drama,1993,911-803-2404
Wuthering Heights,Worth,Drama|Romance,1971,176-692-6562
Mystery of the Wax Museum,Laurella,Horror,1997,435-739-1611
Command Performance,Zita,Action|Drama|Thriller,2006,765-968-7843
Prince Valiant,Gilberta,Adventure,2006,193-846-9043
Fifty Pills,Jacynth,Comedy,2007,438-641-4644
Brooklyn Bridge,Starr,Documentary,2002,570-693-8858
Offside,Regina,Comedy|Drama,2007,767-516-2158
"Golden Christmas 3, A",Camel,Children|Comedy|Romance,2006,965-891-8724
Tol'able David,Mahala,Drama,2011,803-306-7243
Winter's Tale,Laryssa,Drama|Fantasy|Mystery,2012,430-928-7567
History Is Made at Night,Michell,Drama|Romance,1988,134-796-7969
"Wszystko, co kocham",Annadiana,Comedy|Drama,2004,482-180-4466
"Best Man, The",Justen,Comedy|Drama,2004,985-439-9084
Ann Carver's Profession,Neel,Drama,1995,782-859-2779
Electroma,Maddie,Drama|Sci-Fi,2000,834-647-6327
"Burglars, The (Le casse)",Tim,Action|Crime|Thriller,2011,732-331-9202
Hell's Highway: The True Story of Highway Safety Films,Reta,Documentary,1986,534-565-2443
Wonderland,Hildegaard,Crime|Drama|Mystery|Thriller,1996,617-946-8330
"Conversation with Gregory Peck, A",Flor,Documentary,1990,502-125-9331
"Night of the Following Day, The",Fedora,Crime|Drama,2011,565-317-0473
The Empty Hours,Keenan,Drama|Romance,1992,169-934-5193
"Darkest Hour, The",Lemuel,Action|Horror|Sci-Fi|Thriller,2013,436-590-5982
Bill Bailey: Qualmpeddler,Bettina,Comedy,2010,366-597-9809
Angels Fall,Adena,Drama|Romance|Thriller,2012,987-412-7824
The Magic Crystal,Coralie,Adventure|Animation|Children|Comedy|Fantasy,2007,558-111-1424
Strange Invaders,Whitney,Animation|Comedy,2010,479-294-4045
Shopping,Janine,Action|Thriller,1996,786-796-0345
Picnic on the Grass (Le déjeuner sur l'herbe),Izaak,Comedy|Romance,1993,482-483-2276
Faces,Maurice,Drama,2000,396-674-6087
Bounty Killer,Radcliffe,Action|Sci-Fi|Thriller,1997,218-536-2955
Charlie Chan in The Chinese Cat,Andi,Comedy|Crime|Mystery|Thriller,2001,605-798-6678
Hit Squad,Gale,Action|Comedy,1990,912-552-2301
Project X,Townie,Comedy|Drama,2004,711-494-7111
Senna,Birch,Documentary,2011,305-622-5016
Hilton!,Catriona,Documentary,1997,779-466-4367
Jumping the Broom,Olivia,Comedy,2011,266-918-0615
Comin' at Ya!,Gian,Western,2011,217-641-7732
Gigot,Nicol,Comedy,2008,929-493-4417
Beauty and the Beast (Beauty and the Beasts: A Dark Tale),Marcello,Fantasy,2000,501-364-6191
It's Alive,Malynda,Horror,1998,235-291-2412
Family Guy Presents: Blue Harvest,Pablo,Animation|Comedy,2005,803-644-9122
"Chameleon, The ",Mahalia,Drama,1994,786-608-6292
Breaking Point,Rhody,Thriller,2000,131-446-7755
"Tribe, The (Plemya)",Rubi,Crime|Drama,1993,151-487-6674
A Night at the Movies: The Suspenseful World of Thrillers,Karla,Documentary,1994,385-561-1336
Twin Town,Berky,Comedy|Crime,1998,757-866-8553
99 Homes,Willow,Drama,2006,239-587-1248
Wicked Blood,Ky,Action|Drama|Thriller,2012,636-419-4644
Hoffa,Bette-ann,Crime|Drama,1998,793-976-9811
Rhino Season (Fasle kargadan) ,Caesar,Drama|Fantasy|Film-Noir|Mystery|Romance|War,2009,830-611-8156
Peppermint Soda (Diabolo menthe),Leanna,Comedy|Drama,2011,485-251-8807
Ernest Goes to Jail,Bree,Comedy,1994,241-472-1627
Troll 2,Crichton,Fantasy|Horror,1994,859-486-3389
Why Worry?,Jemmy,Adventure|Comedy|Romance,2004,700-343-2714
House of Games,Shalna,Crime|Film-Noir|Mystery|Thriller,1993,376-543-7497
"Rescuers Down Under, The",Lonny,Adventure|Animation|Children,1993,853-795-0985
Halloween III: Season of the Witch,Brit,Horror,2009,556-654-6214
Golden Earrings,Welby,Adventure|Romance|War,1991,536-738-0798
"Kiss Before Dying, A",Ciel,Film-Noir|Mystery,1997,653-239-9820
My Brother the Devil,Selma,Drama,1997,147-750-4342
Two for the Road,Arthur,Comedy|Drama|Romance,1998,529-503-7332
Shoot the Moon,Ellen,Drama,2009,338-748-0944
Broadway,Carlota,Drama|Musical,1986,348-966-3706
Japanese Girls at the Harbor (Minato no nihon musume),Lewiss,Drama,2002,690-137-0209
Russell Brand: Messiah Complex,Marty,Comedy,2002,435-143-1075
Fly Away,Theodor,Drama,2011,962-889-9271
Larry the Cable Guy: Health Inspector,Neysa,Comedy,2009,766-345-9684
One Way Passage,Aurel,Drama|Romance,2003,891-983-2905
City by the Sea,Gertie,Crime|Drama,1997,795-616-4863
"Truly, Madly, Deeply",Mariellen,Drama|Romance,1998,411-790-6717
"Girl Can't Help It, The",Nikolaos,Comedy,2002,948-430-8643
Remorques (Stormy Waters),Edie,Action|Drama|Romance,1995,164-841-2261
Torso,Maia,Horror|Mystery|Thriller,2001,616-160-1606
"Diary of a Chambermaid (Journal d'une femme de chambre, Le)",Goldy,Comedy|Drama,2006,451-617-2776
They Call Me Renegade,Fair,Action|Adventure|Comedy|Western,1985,537-162-0931
Images of the World and the Inscription of War (Bilder der Welt und Inschrift des Krieges),Rozanna,Documentary|War,1992,552-814-9963
Chizuko's Younger Sister (Futari),Vale,Drama,2001,692-141-6605
"Silence of the Sea, The (Le silence de la mer)",Randolph,Drama|Romance|War,1999,751-730-2224
Torremolinos 73,Dita,Comedy|Drama,2002,650-959-2054
Sasayaki (a.k.a. Moonlight Whispers) (Gekkô no sasayaki),Jodie,Drama|Romance,1986,285-108-5163
Mr. Popper's Penguins,Rosabel,Comedy,1999,951-561-1596
"Wanderers, The",Tamas,Drama,2011,169-138-8431
Comanche Station,Tiebold,Western,1994,758-744-4583
For Love of Ivy,Tiffanie,Comedy|Drama|Romance,2002,396-425-8839
Look at Me (Comme une image),Sayers,Comedy|Drama|Romance,1998,939-856-5175
My Kidnapper,Obadias,Documentary,1990,625-335-7774
"Group, The",Florrie,Drama,2008,304-402-6355
"Colonel Chabert, Le",Morlee,Drama|Romance|War,2007,217-951-1444
Killjoy,Minnie,Horror,1995,973-336-5077
Camilla,Lorain,Adventure|Drama|Romance,2001,799-265-0433
Arsène Lupin Returns,Alidia,Mystery,1991,731-877-6250
Civil Brand,Tobiah,Drama,1999,146-193-4535
Saint Ange (House of Voices),Vi,Drama|Fantasy|Horror|Mystery,2004,181-185-2710
Eddie and the Cruisers II: Eddie Lives!,Galvin,Drama|Musical,2012,208-597-2708
Pistol Opera (Pisutoru opera),Gabbie,Action|Crime|Drama,2009,837-534-2350
Visual Acoustics,Filberte,Documentary,2010,799-888-6301
Dracula: Dead and Loving It,Sephira,Comedy|Horror,2002,551-570-5372
"Sea Wolves, The",Lanae,Action|War,2007,770-523-7346
Six Weeks,Wandis,Drama,2005,499-323-4463
I'll Do Anything,Dud,Comedy|Drama,2001,643-750-0593
"Greatest, The",Lemmy,Drama|Romance,1991,288-140-0133
Rivers and Tides,Wolf,Documentary,1963,526-456-9604
Winchester '73,Tanner,Western,2003,236-282-8920
Candy,Zena,Drama|Romance,1999,967-721-6044
Gertrud,Brear,Drama,2005,426-879-9173
"Believers, The",Ernest,Horror|Thriller,1996,751-967-3274
Gray Lady Down,Herbert,Drama|Thriller,1997,926-983-1322
One Life,Thorvald,Documentary,2011,327-450-4755
WarGames,Gratia,Drama|Sci-Fi|Thriller,2004,106-429-6861
"Brussels Business, The",Franky,Documentary|Thriller,1985,126-399-8742
"Decameron, The (Decameron, Il)",Guillermo,Comedy|Drama,2007,762-426-2627
Samurai Vendetta,Antonella,Action|Drama,1991,392-168-4055
Oculus,Hannie,Horror,1998,941-628-7549
Paan Singh Tomar,Michel,Crime,2008,634-459-8059
Changing Habits,Reggie,Comedy|Drama,2010,150-799-0472
Last Days in the Desert,Felipa,Adventure|Drama,2010,702-157-1929
Not Fade Away,Stan,Drama,2000,422-849-4597
Julia,Lane,Drama|Thriller,1997,907-907-9688
Dear Mr. Watterson,Meade,Documentary,2005,228-611-7888
"Nightmare on Elm Street, A",Lura,Fantasy|Horror|Thriller,2006,971-814-5345
"Blue Angel, The (Blaue Engel, Der)",Ariana,Drama,2008,450-526-3559
"Motel Life, The",Valentin,Drama|Mystery|Thriller,2000,734-821-8490
Tom & Viv,Nanci,Drama,2002,327-290-9434
"Man in the Gray Flannel Suit, The",Cordy,Drama,1995,122-197-6356
"Life and Times of Judge Roy Bean, The",Valma,Comedy|Western,1986,759-720-8234
Oki's Movie (Ok-hui-ui yeonghwa),Neile,Comedy|Drama,1995,433-796-0941
Wake in Fright,Tome,Drama|Thriller,1999,656-533-0371
"Who Are you Polly Maggoo (Qui êtes-vous, Polly Maggoo?)",Edna,Comedy,2010,220-578-9313
Hatari!,Xylina,Adventure|Comedy,2003,631-411-5889
Dressed to Kill,Burnaby,Mystery|Thriller,1991,953-745-7608
Trishna,Sara,Drama,2011,802-308-4639
"Theory of Everything, The",Ertha,Drama,1990,525-422-4799
Lacombe Lucien,Homere,Drama,1997,717-632-1058
Katy Perry: Part of Me,Goldie,Documentary|Drama,2003,907-595-2368
Godzilla vs. Gigan (Chikyû kogeki meirei: Gojira tai Gaigan),Sigvard,Action|Adventure|Horror,1995,604-660-0541
"Men Who Made the Movies: Samuel Fuller, The",Amelia,Documentary,1994,255-151-5773
Juarez,Erin,Drama|Romance,2011,727-453-3523
To Be King (Koning van Katoren),Ware,Adventure,2012,191-571-5677
Midway,Valaria,Drama|War,2003,461-378-7381
Hick,Orsola,Drama|Romance,2006,352-452-4605
Independents,Isidore,Documentary,2012,617-320-2010
Light Is Calling,Erny,(no genres listed),2010,481-573-3288
Chesty: A Tribute to a Legend,Stanislas,Documentary,2006,581-923-8255
13 Tzameti,Kailey,Film-Noir|Thriller,1998,292-514-4810
All I Desire,Amye,Drama|Romance,1997,182-809-3973
Miral,Ki,Drama,2012,925-724-8654
"Goods: Live Hard, Sell Hard, The",Marnia,Comedy,2009,676-360-2070
"Cruise, The",Muffin,Documentary,1998,655-748-7210
Anchorman: The Legend of Ron Burgundy,Tome,Comedy,2011,484-662-7337
Return to Snowy River (a.k.a. The Man From Snowy River II),Melessa,Adventure|Drama|Western,1994,919-368-6307
Dodgeball: A True Underdog Story,Adelina,Comedy,1997,663-533-6393
Full Metal Jacket,Fawn,Drama|War,1997,262-392-5497
Enough,Westbrook,Drama|Thriller,1995,300-932-8682
"Manhattan Project, The",Vania,Comedy|Sci-Fi|Thriller,1996,652-606-5641
"Exterminating Angel, The (Ángel exterminador, El)",Casey,Comedy|Drama|Fantasy|Mystery,2010,738-987-8018
The Gallant Hours,Almeda,(no genres listed),2008,812-371-4880
Moordwijven,Garald,Comedy,1993,349-885-6322
"Anniversary Party, The",Dominique,Drama,2008,174-525-8890
Powder Room,Vin,Comedy,2012,274-675-0817
Portraits of Women (Naisenkuvia),Mallissa,Comedy|Drama,2009,101-782-5792
"Education of Little Tree, The",Garvy,Drama,1994,874-457-9140
Moneyball,Aurel,Drama,2011,427-295-4847
Deciduous Tree (Tree Without Leaves) (Rakuyôju),Maxy,Drama,1990,192-150-2685
"Program, The",Briant,Action|Drama,2012,503-192-4525
"Five Heartbeats, The",Stephine,Drama|Musical,1985,905-767-3489
"Wild Child, The (Enfant sauvage, L')",Scott,Drama,2006,178-251-4300
Brute Force,Dermot,Drama|Film-Noir|Thriller,2004,414-242-8077
"Locals, The",Eb,Horror|Thriller,2011,323-888-1735
Prison Break: The Final Break,Joana,Action|Drama|Thriller,2006,786-536-2785
Dead Man Down,Lisle,Action|Crime|Drama|Romance|Thriller,2008,725-588-5557
Next of Kin,Gherardo,Comedy|Drama,1996,286-260-9861
"Twonky, The",Kelby,Comedy|Sci-Fi,1998,650-611-7633
Blood and Sand,Allistir,Drama,2000,595-518-3750
18 Years Old and Rising (J'aime regarder les filles),Stacie,Comedy,2009,383-312-3268
Green Fish (Chorok mulkogi),Virgil,Drama,1997,255-932-9181
"Strayed (égarés, Les)",Luke,Drama|Romance,2009,193-872-6940
"Sign of Four, The",Franklin,Crime|Mystery,1994,663-832-3653
Crows Zero II (Kurôzu Zero II),Evan,Action,2006,118-509-4487
Five Minutes to Live,Seward,Crime|Drama|Thriller,1994,107-666-6555
Wonderland,Elaine,Crime|Drama|Mystery|Thriller,2006,831-215-1156
The Last Outpost,Janela,Western,2003,905-712-9908
High Plains Drifter,Baxy,Western,1995,705-898-0626
"10,000 BC",Rurik,Adventure|Romance|Thriller,2012,113-629-3911
"Out of the Furnace (Dust to Dust) (Low Dweller, The)",Clifford,Drama|Thriller,2007,363-813-3891
Good Hair,Hermia,Comedy|Documentary,2012,941-388-3328
Under Suspicion,Helaine,Crime|Drama|Thriller,1993,792-419-3335
The Last Farm,Gonzales,Drama,2001,412-928-4363
Damn the Defiant! (H.M.S. Defiant),Cosette,Adventure|Drama,2006,360-102-7984
Offside,Stearn,Comedy|Drama,2006,176-801-8204
Bat*21,Elisabetta,Drama|War,2004,374-120-1560
Honey Moon (Honigmond),Gallard,Comedy,2010,972-436-0875
Flight of the Intruder,Jonas,Action|War,1967,119-830-6279
"Cry in the Dark, A",Mitchell,Drama,1989,546-226-9167
Long Time Dead,Suzi,Horror|Thriller,1985,239-711-0906
"On Guard (Bossu, Le)",Tremain,Adventure|Drama,2012,808-693-6045
"View from the Top, A",Rubi,Comedy|Romance,1997,757-524-0521
Manrape (Män kan inte våldtas) ,Aubrey,Drama,2007,646-921-2855
Van Helsing,Huntlee,Action|Adventure|Fantasy|Horror,1997,626-883-2182
Foosball (Metegol),Ced,Adventure|Animation|Romance,1998,985-227-1922
"Snowtown (Snowtown Murders, The)",Shandie,Crime|Drama|Thriller,1989,317-876-8322
Mickey's Twice Upon a Christmas,Filbert,Animation|Children|Comedy,1999,805-361-3037
"Silent Partner, The",Wylma,Crime|Drama|Thriller,2012,729-201-2280
Please Remove Your Shoes ,Lottie,Documentary,2008,703-632-2033
"Theory of Flight, The",Bartholomeus,Comedy|Drama|Romance,2010,468-438-4782
"Stepdaughter, The",Brunhilda,Horror|Thriller,1997,845-849-4568
Trois,Aila,Thriller,2010,278-603-0479
No Reservations,Florie,Comedy|Drama|Romance,1990,240-627-6541
"Friends at the Margherita Cafe, The (Gli amici del bar Margherita)",Ladonna,Comedy|Drama|Romance,2010,594-547-4543
Straw Dogs,Staci,Thriller,2009,118-250-9029
Pirates of the Caribbean: On Stranger Tides,Marshall,Action|Adventure|Fantasy|IMAX,1997,296-986-3528
Shooting Fish,Leontine,Comedy|Romance,2012,451-281-0620
"Lottery, The",Caddric,Documentary|Drama,2004,841-981-7989
Kinbaku,Yvette,Documentary,2013,869-227-8517
Illuminata,Fanny,Comedy,2000,845-836-0830
Firaaq,Luca,Drama,1994,481-202-8667
Twilight,Mufinella,Crime|Drama|Thriller,1989,336-528-1641
"Chosen One, The",Adriaens,Comedy|Drama,2006,652-827-5331
My Way (Mai Wei),Francene,Action|Drama|War,1997,213-958-9575
Private Detective 62,Rutter,Comedy|Crime|Drama,1985,927-443-0687
Emmet Otter's Jug-Band Christmas,Maddalena,Children|Comedy|Drama|Musical,2011,587-963-9383
Family Viewing,Darbie,Drama,2000,773-116-7309
"Blackbeard, the Pirate",Lawton,Adventure,1995,164-527-8820
Garfield Gets Real,Ketti,Animation|Children|Comedy,2006,307-430-7089
"Witnesses, The (Les témoins)",Dulcea,Drama,2006,310-398-8240
Superclásico,Rosaleen,Comedy|Drama,1994,372-486-0259
How to Live Forever,Meridel,Documentary,1986,215-655-4658
Phantom,Reynolds,Drama|Fantasy|Romance,1989,256-140-1916
3 Simoa,Rycca,Comedy,2004,520-960-3271
"Dust of Time, The",Isidor,Drama,2002,421-397-4828
Rapture-Palooza,Alys,Comedy|Fantasy,2011,320-932-0477
Reality,Trudi,Comedy|Drama,1986,175-505-1009
"Corridor, The (Koridorius)",Collie,Drama,1997,272-127-3409
Across the Bridge,Cosette,Crime|Drama|Thriller,1984,360-502-8892
"Fifth Commandment, The",Brok,Action|Comedy|Crime|Drama|Thriller,1992,624-182-9763
"Magic Christmas Tree, The",Alyse,Children|Comedy|Fantasy,1996,151-788-0498
Young Tom Edison,Melania,Drama,1994,792-494-4150
"Big Time Operators (Smallest Show on Earth, The)",Lona,Comedy,1960,310-177-8731
"Red Shoes, The",Chelsae,Drama|Fantasy|Musical|Romance,1993,368-360-5952
Ricky,Clem,Comedy|Drama|Fantasy,2008,629-441-2434
The Road to Glory,Diandra,Drama|War,2003,998-429-8001
Billy Jack Goes to Washington,Harley,Drama,2004,138-484-7708
Burn Up!,Felisha,Action|Animation,2011,199-660-2135
Lord of Illusions,Davina,Horror,1992,632-910-8251
Primary,Zerk,Documentary,2008,672-427-8963
Believe Me,Tate,Comedy|Drama,2013,490-347-2660
Romance on the High Seas,Alanson,Comedy|Musical|Romance,2007,530-417-7897
Before Night Falls,Sargent,Drama,1996,952-717-2001
Through the Olive Trees (Zire darakhatan zeyton),Lionello,Drama,1997,585-581-9354
Short Cuts,Jeffy,Drama,2009,322-225-6731
"Occupants, The",Dorothy,Thriller,2007,366-304-2878
Ménilmontant,Peterus,Comedy|Drama,1987,877-653-3723
Ambush (Mai fu),Nettie,Action|Adventure,2007,458-377-9464
Shadowlands,Georgena,Drama|Romance,2002,937-779-9227
Mélo,Melly,Drama|Romance,2011,347-602-1600
Barking Dogs Never Bite (Flandersui gae),Daisie,Comedy|Horror,1999,619-332-9099
Rise of the Zombies,Janette,Action|Horror|Thriller,2010,528-567-1510
Innocence,Warren,Drama,1998,358-106-8216
Whatever Works,Pavla,Comedy|Romance,1998,484-928-8972
Jesse James,Karia,Action|Crime|Drama|Romance|Western,2006,304-217-6006
Tuvalu,Morton,Comedy,2008,696-688-9964
"Bashu, the Little Stranger (Bashu, gharibeye koochak)",Steve,Drama,2005,139-740-4686
Carriers,Niles,Drama|Horror|Thriller,2009,438-315-5284
Ghosts of the Abyss,Christa,Documentary|IMAX,2006,601-997-3369
Black Caesar,Aldus,Crime|Drama,2011,241-115-4589
Pawn,Cheston,Crime|Thriller,2012,600-917-1798
Amigo,Fiorenze,Drama|War,1998,848-256-3366
Cherry 2000,Celka,Romance|Sci-Fi,1989,698-720-9999
Manborg,Temple,Action|Adventure|Comedy,1998,411-995-6094
FLCL,Keir,Animation|Comedy|Fantasy|Sci-Fi,1999,448-421-9233
Valerie,Sinclare,Drama,1992,828-674-7280
Sex and Breakfast,Allison,Comedy|Drama|Romance,2001,894-836-6114
What Just Happened,Juliet,Comedy|Drama,2005,936-289-6282
Patton Oswalt: My Weakness Is Strong,Felice,Comedy,2006,226-508-6330
Cause for Alarm!,Renae,Crime|Drama|Film-Noir|Thriller,2009,915-171-1471
Retribution (Sakebi),Fernande,Horror|Mystery|Thriller,1995,664-362-6278
Trouble in Paradise,Danita,Comedy|Romance,2008,911-852-5860
Väreitä,Harwilll,Drama,1997,467-829-7393
"Horse Whisperer, The",Pepi,Drama|Romance,2011,851-633-5092
Il cappotto di legno,Inna,(no genres listed),2008,703-501-1563
After Image (Seeing in the Dark),Evan,Drama|Thriller,1999,513-223-2606
Light Is Calling,Maris,(no genres listed),2007,800-504-0193
Joker,Selia,Comedy,2010,787-518-1905
Just Write,Abran,Comedy,2000,198-581-9158
Chinese Puzzle (Casse-tête chinois),Vite,Comedy|Romance,2003,503-828-2013
Idiot Box,Carmelle,Crime|Drama,1984,268-113-3473
This Night I'll Possess Your Corpse (Esta Noite Encarnarei no Teu Cadáver),Papageno,Horror,2008,988-917-5575
Chhoti Si Baat,Carolan,Comedy|Romance,2000,304-554-4612
2:37,Britni,Drama,2010,398-958-1759
Peculiarities of the National Hunt (Osobennosti natsionalnoy okhoty) ,Ulises,Comedy,1987,822-959-1964
3 on a Couch (Three on a Couch),Eachelle,Comedy|Romance,2010,358-856-5379
Ra.One,Goraud,Action|Musical|Sci-Fi,2010,659-144-9556
"Nightmare City (a.k.a. City of the Walking Dead) (a.k.a. Invasión de los zombies atómicos, La) (Incubo sulla città contaminata)",Ariela,Action|Horror,2006,404-860-8060
"Aerial, The (La antena)",Sileas,Adventure|Fantasy|Film-Noir|Mystery|Sci-Fi,1994,726-928-2425
Imaginary Crimes,Hesther,Drama,2009,989-860-7438
The Horseplayer,Rozalie,Drama,1997,696-155-6942
TMNT (Teenage Mutant Ninja Turtles),Kassie,Action|Adventure|Animation|Children|Comedy|Fantasy,1995,901-659-7049
Whatever,Benedick,Drama,1990,422-131-6312
Shining Night: A Portrait of Composer Morten Lauridsen,Joelle,Documentary,1995,328-641-7534
Excision,Jan,Crime|Drama|Horror|Thriller,1994,607-416-8177
If I Had a Million,Sigfrid,Comedy|Drama,1997,930-457-9004
Dr. Otto and the Riddle of the Gloom Beam,Omero,Comedy,2005,334-907-4547
Operation Mad Ball,Alecia,Comedy|War,1977,466-268-9867
Everything or Nothing: The Untold Story of 007,Garrot,Documentary,2003,342-225-3919
Camp Rock,Janela,Comedy|Musical|Romance,1996,571-418-7653
Heavy Metal in Baghdad,Delcine,Documentary|Musical|War,2001,160-717-7464
One Nine Nine Four,Lira,Documentary,1993,962-286-0181
Police Story 2 (Ging chaat goo si juk jaap),Stephie,Action|Comedy|Crime|Thriller,2007,225-722-5868
Innocence,Anestassia,Drama|Fantasy|Mystery,2012,596-569-6475
Riding in Cars with Boys,Meridel,Comedy|Drama,2005,323-399-2469
Son of Babylon (Syn Babilonu),Sherri,Drama,2006,918-224-5704
"Fear, The",Hogan,Horror,1996,106-972-9056
Meilleur espoir féminin,Cindelyn,(no genres listed),2000,704-423-0632
Miracle on 34th Street,Uta,Comedy|Drama,2002,520-738-7322
"Fountainhead, The",Koralle,Drama,2000,429-209-1409
Gloria,Laureen,Comedy|Drama,1993,477-117-9267
"Player, The",Arnold,Comedy|Crime|Drama,1989,615-179-4347
"Girl in the Red Velvet Swing, The",Hugibert,Crime|Drama|Romance,2006,300-115-0453
Samaritan Zatoichi (Zatôichi kenka-daiko) (Zatôichi 19),Felicia,Action|Adventure|Drama,1988,962-432-4639
Darling,Mordecai,Drama,2003,193-398-8368
Expelled from Paradise,Odella,Animation,1998,699-456-8562
Dry Cleaning (Nettoyage à sec),Cheslie,Drama,2010,432-357-4913
Russian Roulette,Alane,Drama|Thriller,2010,111-875-1520
While She Was Out,Giffard,Thriller,2004,630-747-3014
Little Black Book,Jennette,Comedy|Romance,1991,902-141-2293
Bleak Moments,Babita,Comedy|Drama,2009,825-740-0418
Made in U.S.A.,Yovonnda,Crime|Mystery,2007,534-539-1421
"Warrior, The",Myrta,Adventure|Drama,2011,511-993-5410
"Garden, The",Josefa,Drama,1992,329-859-2122
Late Bloomers,Derron,Comedy,1993,478-721-6885
Bhaji on the Beach,Wileen,Comedy|Drama,2011,767-906-1797
Cube,Norry,Horror|Mystery|Sci-Fi|Thriller,1993,102-724-0419
Once Upon a Time in China II (Wong Fei-hung Ji Yi: Naam yi dong ji keung),Joshuah,Action|Romance,1990,225-543-7425
"Girl in the Park, The",Dietrich,Drama,1998,934-839-2036
"Inheritance, The (Arven)",Stanwood,Drama,2013,703-796-9509
Soul Assassin,Ramsay,Action|Crime|Thriller,1994,559-182-2903
Roadkill (a.k.a. Roadkill: Move or Die),Silvano,Drama,1999,452-559-1205
Lone Survivor,Ronnie,Action|Drama|Thriller|War,2011,718-151-9403
Paths of Hate,Alex,Action|Animation|Drama|War,2002,927-387-3450
Frank and Ollie,Micky,Documentary,2011,511-570-5519
Eden,Nicolas,Crime|Drama,1996,612-300-0763
"Golden Christmas, A",Emyle,Children|Comedy|Romance,1998,932-394-1766
Barbarians at the Gate,Blinni,Drama,2000,249-546-7262
"Keys of the Kingdom, The",Tiffi,Drama,1994,943-183-9181
Safety Last!,Shanie,Action|Comedy|Romance,2004,994-202-1656
Frankie and Johnny,Keeley,Comedy,2001,462-953-8829
Endeavour,Ardenia,Crime|Drama|Mystery,1999,200-636-3615
"Other Side of Bollywood, The",Penny,Documentary,2002,898-409-0357
Ladrones,Stephanus,Drama,2010,895-412-2634
"Promoter, The (Card, The)",Melisande,Comedy,1992,270-658-7760
Manrape (Män kan inte våldtas) ,Kylie,Drama,2003,496-254-4648
"Pleasure Seekers, The",Hedda,Comedy|Musical|Romance,1993,970-929-6074
Torch Song Trilogy,Chev,Comedy|Drama|Romance,2010,569-380-5102
Dead Again,Joella,Mystery|Romance|Thriller,1984,734-914-0164
Ingrid,Cammy,Drama,1998,543-141-4153
Galaxy of Terror (Quest),Mark,Action|Horror|Mystery|Sci-Fi,1993,850-189-1421
Queen of the Amazons,Bobby,Action|Adventure|Mystery|Romance,2001,120-953-8327
Silent Hill,Samara,Fantasy|Horror|Thriller,1993,131-964-1405
"Package, The",Farrah,Action|Thriller,1995,339-981-5598
Dying Young,Marline,Drama|Romance,2000,793-371-6501
"Triumph of Love, The",Sheree,Comedy,2006,134-528-5858
For Heaven's Sake,Darryl,Action|Comedy|Romance,1998,810-188-6481
"Age of Innocence, The",Benson,Drama,2005,880-424-3096
Dr. Akagi (Kanzo sensei),Karlyn,Comedy|Drama|War,2005,575-135-1161
Andrei Rublev (Andrey Rublyov),Aluino,Drama|War,2010,566-465-2248
"Majestic, The",Falito,Comedy|Drama|Romance,2002,394-449-9890
"Legend of Boggy Creek, The",Alex,Drama|Horror|Mystery|Thriller,2013,305-611-7656
Three (Tri),Loren,Drama|War,2007,474-400-5139
Madagascar: Escape 2 Africa,Carlynne,Action|Adventure|Animation|Children|Comedy|IMAX,1993,146-292-6941
The Dust Bowl,Illa,Documentary,1997,429-114-2179
Stonehenge Apocalypse,Simonette,Sci-Fi,1995,490-408-4467
Apache Country,Nicoline,Action|Western,1997,506-456-2492
Tucker & Dale vs Evil,Gilberto,Comedy|Horror,1989,626-580-7134
Whatever Lola Wants,Edwin,Drama,2005,373-928-2814
Snipes,Michael,Drama|Thriller,2006,652-149-2577
Salaam Bombay!,Tadeas,Drama,2008,951-693-4740
Charlie Chan at the Olympics,Jenine,Comedy|Crime|Mystery|Thriller,1995,981-493-4753
Captain Corelli's Mandolin,Randa,Drama|Romance|War,1970,349-643-1740
Get Rich or Die Tryin',Dana,Action|Crime|Drama,2002,332-435-7193
At Home by Myself... with You,Micky,Comedy|Romance,2008,647-691-7647
Wild Gals Of The Naked West,Shelton,Comedy|Western,1989,548-468-0315
3-Iron (Bin-jip),Paxton,Drama|Romance,1996,712-220-7881
"Queen and I, The (Drottningen och jag)",Jacintha,Documentary,1993,546-561-5225
I Am David,Carver,Drama,2005,959-175-5602
"Flintstones, The",Irma,Children|Comedy|Fantasy,1992,918-582-0753
"Kremlin Letter, The",Elonore,Drama|Thriller,2012,276-864-4024
Outbreak,Maximilian,Action|Drama|Sci-Fi|Thriller,1992,470-449-3116
"Misérables, Les",Reginald,Drama|Romance,1995,951-655-1601
Invictus,Sallee,Drama,1969,156-822-9877
Quatre garçons pleins d'avenir,Christa,Comedy,1996,401-997-6227
Where the Money Is,Kizzee,Comedy|Drama,2009,216-317-4053
"Debt, The",Cori,Thriller,1990,874-677-9201
"Tale of Springtime, A (Conte de Printemps)",Veronique,Drama|Romance,2004,134-666-8098
Evolver,Loella,Action|Horror|Sci-Fi,1993,326-773-0805
Poltergeist II: The Other Side,Paton,Horror|Thriller,2002,510-126-6862
For Your Consideration,Frieda,Comedy,1994,786-835-1631
"Life is a Bed of Roses (Vie est un roman, La)",Annora,Fantasy|Musical,2007,581-117-3303
They Call Us Misfits (Dom kallar oss mods),Kylen,Documentary,1994,797-790-6106
High School Musical 3: Senior Year,Hughie,Musical,2009,394-354-7333
Taxi 3,Seumas,Action|Comedy,1993,499-489-0905
Carriers,Calida,Drama|Horror|Thriller,1981,692-220-2131
Hercules and the Amazon Women,Lurleen,Action|Adventure|Fantasy|Sci-Fi,1993,129-922-8158
Beautiful,Cass,Drama|Thriller,2000,405-362-4927
Vengeance (Fuk sau),Emile,Action|Crime|Thriller,1998,506-280-4855
"Do You Remember Dolly Bell? (Sjecas li se, Dolly Bell)",Ringo,Comedy|Drama|Romance,2011,437-297-3383
"Good Fairy, The",Ryann,Comedy|Romance,1998,479-958-0011
No One Dies in Lily Dale,Janene,Documentary,2012,592-597-2028
"Shepherd of the Hills, The",Lyda,Drama,1995,632-899-2993
"Man Who Knew Too Much, The",Sven,Drama|Thriller,2002,434-629-0937
Soap Girl,Waldon,Drama|Romance,2004,693-522-9814
"League of Gentlemen, The",Jolee,Adventure|Comedy|Crime|Drama,2004,975-419-8457
"Sixth of the World, A (Shestaya chast mira)",Sheppard,Documentary,1992,161-604-1461
"Singing Nun, The",Gilberta,Comedy|Drama,2007,442-542-8888
"Oversimplification of Her Beauty, An",Quint,Animation|Comedy|Drama|Romance,2010,858-227-9615
Applause (Applaus),Flore,Drama,1997,388-796-6457
Maria (Mariya),Carri,(no genres listed),2004,637-572-3144
M. Butterfly,Ricardo,Drama|Romance,2006,255-582-7831
"Navigator, The",Ashil,Comedy,2002,542-822-0812
In the Name of the King: A Dungeon Siege Tale,Margarete,Action|Adventure|Fantasy,2009,395-903-2831
So It Goes (Korsoteoria),Johnny,Drama,1970,761-258-3604
Shiri (Swiri),Rahal,Action|Drama|Romance|Thriller,2008,466-370-4775
Sex and Lucia (Lucía y el sexo),Shanna,Drama|Romance,1999,547-325-3678
Scream of Stone (Cerro Torre: Schrei aus Stein),Hunt,Drama,2002,295-113-4658
Behind the Burly Q: The Story of Burlesque in America,Dayna,Documentary,1996,418-375-2929
Airbag,Sonny,Action|Comedy|Crime|Thriller,1996,802-810-2525
Red Cliff Part II (Chi Bi Xia: Jue Zhan Tian Xia),Gerianne,Action|Drama|War,2003,122-665-8967
Teenage Dirtbag,Jayson,Drama,1992,644-951-0702
Deadline at Dawn,Loretta,Film-Noir|Mystery|Romance|Thriller,1999,692-598-8606
Elevator ,Gwendolin,Thriller,1993,224-147-7347
My Brother Tom,Emmye,Drama,2001,392-458-1558
La Bandera,Sherill,(no genres listed),2004,205-165-8927
Psycho Beach Party,Cecilia,Comedy|Horror|Thriller,2005,328-302-9731
"Trials of Darryl Hunt, The",Jenifer,Crime|Documentary,2009,978-919-1165
"Wake Up, Ron Burgundy",Brantley,Comedy,1994,573-965-5694
Blue Gold: World Water Wars,Florri,Documentary,2004,747-297-0167
Password: Uccidete agente Gordon,Doria,(no genres listed),1993,114-830-7827
"Facts of Life, The",Karita,Comedy|Drama|Romance,2000,536-875-7918
Shadow Boxers,Courtenay,Documentary,2006,156-230-1299
Crime Wave,Isiahi,Adventure|Comedy,1992,358-648-0590
Dating the Enemy,Michaelina,Comedy|Romance,2006,619-632-3429
Not as a Stranger,Benedict,Drama,1983,591-833-1829
"Burglars, The (Le casse)",Venita,Action|Crime|Thriller,2010,160-164-6095
Tarda estate,Cecilia,Drama,1998,684-995-7550
Mercy Streets,Tatum,Action|Crime|Drama,2009,241-623-7683
Stepfather II,Terese,Horror|Thriller,1995,103-701-7331
"Idiot Returns, The (Návrat idiota)",Kimmie,Comedy|Drama|Romance,1994,869-760-0215
"Small Back Room, The",Felita,Romance|Thriller,2008,708-492-1073
"Wedding March, The",Roberto,Drama|Romance,2000,807-751-6325
The Missionaries,Ramsay,Comedy|Romance,1998,387-338-3037
13 Ghosts,Carlynne,Horror,2005,239-560-4377
"Graduate, The",Sheila-kathryn,Comedy|Drama|Romance,1996,768-174-9993
Shrooms,Alessandra,Horror|Thriller,2000,548-829-9809
"Another Day, Another Time: Celebrating the Music of Inside Llewyn Davis",Arne,Documentary,2011,182-378-8635
A Summer in La Goulette,Killian,Comedy|Drama,1997,201-974-1832
Fever Pitch,Stormi,Comedy|Romance,2007,564-470-9767
Beyond the Black Rainbow,Dorri,Mystery|Sci-Fi,1996,711-943-3436
No Holds Barred,Sheena,Action,2009,508-709-5853
The Black Devil,Zorina,Comedy|Fantasy,1984,968-388-4014
Viimeiset rotannahat ,Renato,Comedy,2005,818-730-6111
Ice Age,Konstantin,Adventure|Animation|Children|Comedy,2006,507-893-7837
End of the Spear,Wilmette,Drama,1995,756-379-8633
Limelight,Caterina,Comedy|Drama|Romance,1994,749-687-2332
Hungry for Change,Staford,Documentary,2003,513-193-9830
Notre jour viendra,Farrah,Drama,2012,552-443-4208
Turbulence,Mickie,Action|Thriller,2012,184-364-9324
Answers to Nothing,Stephi,Drama|Mystery,2011,667-423-8149
The Butterfly Effect 3: Revelations,Alvis,Drama|Fantasy|Sci-Fi|Thriller,1993,943-911-9545
Poppy Shakespeare,Hilary,Drama,2011,700-312-4100
Easy,Wilhelmina,Comedy|Drama|Romance,1990,556-937-8039
Pocahontas,Karissa,Animation|Children|Drama|Musical|Romance,1998,491-477-8473
Nightmare Factory,Lorilee,Documentary,2003,817-204-8535
Ascension,Paxon,Drama|Sci-Fi,2008,670-326-7123
"Wedding Date, The",Nadia,Comedy|Romance,2001,983-525-2520
Empire of the Sun,Marley,Action|Adventure|Drama|War,2008,503-787-0607
"World According to Garp, The",Bobbye,Comedy|Drama|Romance,2002,861-508-8910
Skin,Sara-ann,Drama|Mystery,2011,160-382-6227
Liliom,Kristen,Drama|Fantasy,2004,820-441-6029
Beware of Mr. Baker,Dolph,Documentary,1988,734-174-0332
Mickey Blue Eyes,Pebrook,Comedy|Romance,2001,790-589-6713
Men at Work,Marice,Action|Comedy,2005,407-977-5400
"Matrix, The",Pren,Action|Sci-Fi|Thriller,1984,954-755-0679
Slackers,Eward,Comedy,2004,984-796-3021
Harriet Craig,Pennie,Drama,2001,961-646-4769
Chill Out! (Descongélate!),Winni,Comedy|Drama,1991,917-821-1972
American Ninja 2: The Confrontation,Dolf,Action|Adventure,1996,996-610-3653
InAPPropriate Comedy,Udall,Comedy,2003,314-659-3813
Forgotten Silver,Vikky,Comedy|Documentary,1988,721-960-8392
Monty Python: Almost the Truth - Lawyers Cut,Jethro,Comedy|Documentary,2010,742-939-7306
"Day of the Locust, The",Kenneth,Drama,2001,319-860-0261
"Pearls of the Crown, The (Les perles de la couronne)",Raymund,Comedy,2003,151-328-8353
"Zero Theorem, The",Grace,Drama|Fantasy|Sci-Fi,1962,405-944-3199
Eden Is West (Eden à l'Ouest),Dalenna,Drama,2003,738-875-3117
"Square, The",Ashia,Thriller,2006,121-574-0151
When I Walk,Austen,Documentary,2002,726-879-1745
Cry 'Havoc',Quintilla,Drama|War,2000,359-902-0579
"Reckless Moment, The",Isaak,Drama|Film-Noir,2011,644-638-1490
I Accuse,Hillery,Drama|Horror|War,2007,569-583-9030
"Gay Deceivers, The",Bartholemy,Comedy,1994,681-461-6745
Way Down East,Ogden,Drama|Romance,2004,268-996-1553
"Children, The",Sherri,Horror,2009,410-750-3201
Little Dorrit,Hallsy,Drama|Romance,2003,431-648-7587
Samurai Rebellion (Jôi-uchi: Hairyô tsuma shimatsu),Ambros,Action|Drama,1999,636-276-3758
World Without End,Cesar,Sci-Fi,1990,609-526-4259
"Boy and His Dog, A",Dredi,Sci-Fi,2007,702-900-4886
"Ivan the Terrible, Part One (Ivan Groznyy I)",Fara,Drama,1990,785-509-7893
Enid Is Sleeping,Weber,Comedy,1994,104-235-1726
Smiling Fish and Goat on Fire,Davin,Comedy|Romance,2008,335-316-8629
M. Butterfly,Ralina,Drama|Romance,2005,157-853-4812
Relax... It's Just Sex,Roch,Comedy,2011,328-522-4064
All About Eve,Lexi,Drama,2012,878-533-9960
"Angry Silence, The",Latisha,Drama,2001,336-484-0581
Stand Off,Lurleen,Comedy|Drama,2011,820-307-4522
This Land Is Mine,Sarine,Drama|War,2013,250-950-8741
Sharkwater,Rowen,Documentary,1986,750-779-8653
Police Academy,Alfy,Comedy|Crime,2008,451-491-1431
Fara,Marin,Drama,2008,824-510-4422
Diary of a Cannibal,Shana,Crime|Horror,2010,398-293-0030
Branded,Normand,Action|Drama|Mystery|Sci-Fi,2002,737-648-2495
Ninjas vs. Zombies,Nahum,Action|Comedy|Fantasy|Horror,1999,489-477-6530
Filthy Gorgeous: The Bob Guccione Story,Seamus,Documentary,2012,401-717-7511
Panic in the Streets,Auguste,Crime|Drama|Film-Noir|Thriller,1990,407-647-3283
Repo Men,Rodolfo,Action|Sci-Fi|Thriller,1994,155-530-1924
35 Shots of Rum (35 rhums),Andrus,Drama,2004,261-187-6825
Lovers and Lollipops,Maryjo,Drama|Romance,2002,825-738-0933
Frankenstein's Army,Abra,Action|Horror|Sci-Fi,2012,255-496-2583
"Sleep, My Love",Tandy,Drama|Film-Noir|Mystery,2007,967-374-0304
Lord of Tears,Wells,Drama|Horror,2004,286-333-1154
Cats,Virgie,Musical,1998,842-481-0184
"Poughkeepsie Tapes, The",Merridie,Horror|Mystery|Thriller,1998,814-834-4406
Mrs. Miniver,Charisse,Drama|War,1995,698-376-3775
Rosso,Vicky,Crime|Drama,2003,675-112-8714
"Girl, The",Donal,Drama|Mystery|Romance,1999,321-173-9766
"Acla, The Descent into Floristella (La discesa di Aclà a Floristella)",Missie,Drama,2010,419-429-5183
Candyman,Enriqueta,Horror|Thriller,2011,365-803-8590
Texas Across the River,Fremont,Comedy|Western,2008,286-727-4535
Wilder Napalm,Leanor,Comedy|Fantasy|Romance,1969,659-203-0194
Baby Take a Bow,Bart,Children|Comedy|Drama,1993,203-156-8136
Transylvania 6-5000,Rosalinda,Comedy|Horror,1985,122-188-9559
Why Be Good?,Hyatt,Comedy|Romance,1998,160-872-4613
Garfield Gets Real,Lilllie,Animation|Children|Comedy,2008,958-396-8071
